# source_job_id	8258893
# config	pi0_libero_cam_pytorch_prope_ray_view_distill_fullres_stage1_gtdual
# exp	pi0_libero_object_cam_v3_prope_ray_view_distill_fullres_stage1_gtdual_zeroinit_v3_l40s_4gpu_b32_5k
# note	Sparse training log metrics emitted at log_interval, not per-step tqdm values.
step	loss	lr	grad_norm	interval_time_s	action_loss	action_loss_raw	aux_loss	aux_gt_loss	aux_pi3x_loss	aux_xy_loss	aux_z_loss	aux_scale_mean	aux_gt_frac	aux_pi3x_frac
0	0.7005	4.99e-08	0.02	1346.5	0.0223	0.2233	0.6782	0.5271	0.1511	0.2814	0.3968	4.9032	0.5000	0.5000
100	0.7294	2.57e-06	0.02	230.4	0.0201	0.2012	0.7093	0.5294	0.1798	0.2816	0.4277	5.0267	0.5000	0.5000
200	0.7257	7.56e-06	0.03	226.4	0.0195	0.1946	0.7062	0.5298	0.1765	0.2813	0.4249	5.0767	0.5000	0.5000
300	0.7203	1.25e-05	0.37	225.2	0.0182	0.1823	0.7020	0.5261	0.1759	0.2770	0.4250	5.0154	0.5000	0.5000
400	0.6218	1.75e-05	2.24	225.3	0.0180	0.1795	0.6038	0.4406	0.1632	0.2476	0.3562	4.9244	0.5000	0.5000
500	0.5387	2.25e-05	1.17	227.7	0.0170	0.1699	0.5217	0.3630	0.1587	0.2396	0.2821	5.1615	0.5000	0.5000
600	0.5148	2.50e-05	1.64	224.4	0.0167	0.1675	0.4981	0.3485	0.1495	0.2334	0.2647	5.1247	0.5000	0.5000
700	0.4853	2.49e-05	2.42	220.2	0.0171	0.1712	0.4681	0.3269	0.1413	0.2062	0.2619	5.4288	0.5000	0.5000
800	0.4547	2.48e-05	4.63	217.5	0.0172	0.1722	0.4375	0.3102	0.1273	0.1768	0.2608	5.1679	0.5000	0.5000
900	0.4401	2.47e-05	3.36	218.7	0.0164	0.1636	0.4237	0.3044	0.1193	0.1661	0.2576	5.0210	0.5000	0.5000
1000	0.4354	2.44e-05	3.10	230.5	0.0164	0.1638	0.4190	0.2987	0.1203	0.1609	0.2581	4.6789	0.5000	0.5000
1100	0.4300	2.42e-05	6.49	217.1	0.0162	0.1617	0.4138	0.2929	0.1210	0.1600	0.2539	3.9174	0.5000	0.5000
1200	0.4140	2.39e-05	13.37	216.3	0.0165	0.1648	0.3975	0.2502	0.1473	0.1616	0.2360	1.8410	0.5000	0.5000
1300	0.3864	2.35e-05	18.95	217.8	0.0159	0.1589	0.3705	0.2112	0.1592	0.1612	0.2093	0.7754	0.5000	0.5000
1400	0.3677	2.31e-05	11.64	218.1	0.0170	0.1703	0.3507	0.1992	0.1515	0.1582	0.1924	0.5452	0.5000	0.5000
1500	0.3573	2.26e-05	18.05	215.7	0.0161	0.1614	0.3412	0.1991	0.1421	0.1560	0.1852	0.3410	0.5000	0.5000
1600	0.3512	2.21e-05	20.64	217.2	0.0156	0.1558	0.3356	0.1943	0.1413	0.1556	0.1800	0.1704	0.5000	0.5000
1700	0.3423	2.16e-05	34.70	217.2	0.0171	0.1713	0.3252	0.1906	0.1346	0.1544	0.1708	0.1260	0.5000	0.5000
1800	0.3449	2.10e-05	53.60	215.5	0.0164	0.1641	0.3284	0.1908	0.1376	0.1555	0.1730	0.0637	0.5000	0.5000
1900	0.3382	2.04e-05	82.18	214.1	0.0165	0.1651	0.3217	0.1859	0.1358	0.1572	0.1644	0.0548	0.5000	0.5000
2000	0.3374	1.97e-05	79.71	225.2	0.0164	0.1641	0.3210	0.1840	0.1369	0.1536	0.1674	0.0594	0.5000	0.5000
2100	0.3340	1.90e-05	89.95	215.3	0.0160	0.1601	0.3180	0.1836	0.1344	0.1549	0.1631	0.0669	0.5000	0.5000
2200	0.3299	1.83e-05	87.97	222.5	0.0159	0.1587	0.3141	0.1833	0.1307	0.1548	0.1593	0.0650	0.5000	0.5000
2300	0.3402	1.76e-05	149.06	214.3	0.0157	0.1572	0.3245	0.1878	0.1366	0.1649	0.1595	0.0563	0.5000	0.5000
2400	0.3429	1.68e-05	153.84	212.2	0.0159	0.1589	0.3270	0.1907	0.1363	0.1678	0.1592	0.0619	0.5000	0.5000
2500	0.3353	1.61e-05	90.38	208.5	0.0161	0.1613	0.3192	0.1877	0.1315	0.1544	0.1648	0.0594	0.5000	0.5000
2600	0.3207	1.53e-05	92.16	208.8	0.0165	0.1655	0.3042	0.1787	0.1254	0.1528	0.1513	0.0669	0.5000	0.5000
2700	0.3276	1.45e-05	132.16	209.8	0.0155	0.1549	0.3121	0.1853	0.1268	0.1608	0.1513	0.0663	0.5000	0.5000
2800	0.3289	1.37e-05	117.14	211.4	0.0165	0.1651	0.3123	0.1822	0.1302	0.1564	0.1559	0.0413	0.5000	0.5000
2900	0.3240	1.30e-05	119.99	214.5	0.0168	0.1675	0.3072	0.1823	0.1249	0.1556	0.1516	0.0481	0.5000	0.5000
3000	0.3130	1.22e-05	91.92	236.4	0.0162	0.1616	0.2969	0.1749	0.1220	0.1524	0.1444	0.0594	0.5000	0.5000
3100	0.3177	1.14e-05	84.78	217.5	0.0168	0.1683	0.3008	0.1805	0.1204	0.1518	0.1490	0.0550	0.5000	0.5000
3200	0.3205	1.06e-05	80.51	214.1	0.0160	0.1597	0.3045	0.1833	0.1212	0.1525	0.1520	0.0644	0.5000	0.5000
3300	0.3177	9.90e-06	68.53	214.7	0.0167	0.1672	0.3010	0.1819	0.1191	0.1514	0.1496	0.0550	0.5000	0.5000
3400	0.3186	9.17e-06	77.09	214.1	0.0160	0.1601	0.3026	0.1797	0.1229	0.1519	0.1506	0.0669	0.5000	0.5000
3500	0.3227	8.47e-06	79.11	218.3	0.0163	0.1632	0.3064	0.1842	0.1222	0.1520	0.1544	0.0631	0.5000	0.5000
3600	0.3177	7.79e-06	61.80	215.0	0.0166	0.1656	0.3011	0.1824	0.1187	0.1506	0.1505	0.0600	0.5000	0.5000
3700	0.3232	7.14e-06	49.58	214.8	0.0157	0.1573	0.3074	0.1870	0.1205	0.1502	0.1573	0.0563	0.5000	0.5000
3800	0.3194	6.52e-06	46.96	214.7	0.0158	0.1580	0.3036	0.1843	0.1194	0.1500	0.1537	0.0538	0.5000	0.5000
3900	0.3236	5.93e-06	39.06	216.0	0.0163	0.1630	0.3073	0.1922	0.1152	0.1497	0.1576	0.0569	0.5000	0.5000
4000	0.3219	5.39e-06	45.23	237.6	0.0162	0.1616	0.3057	0.1871	0.1186	0.1499	0.1559	0.0538	0.5000	0.5000
4100	0.3213	4.88e-06	39.96	215.8	0.0164	0.1644	0.3048	0.1850	0.1198	0.1495	0.1553	0.0581	0.5000	0.5000
4200	0.3190	4.42e-06	29.16	216.5	0.0161	0.1605	0.3030	0.1844	0.1186	0.1495	0.1535	0.0694	0.5000	0.5000
4300	0.3186	4.01e-06	31.59	229.3	0.0158	0.1581	0.3028	0.1865	0.1163	0.1494	0.1534	0.0575	0.5000	0.5000
4400	0.3193	3.64e-06	22.41	217.9	0.0161	0.1611	0.3032	0.1881	0.1150	0.1492	0.1540	0.0594	0.5000	0.5000
4500	0.3219	3.32e-06	27.38	218.3	0.0159	0.1590	0.3059	0.1892	0.1167	0.1493	0.1567	0.0631	0.5000	0.5000
4600	0.3219	3.05e-06	24.82	219.2	0.0167	0.1673	0.3052	0.1896	0.1156	0.1491	0.1561	0.0656	0.5000	0.5000
4700	0.3205	2.84e-06	20.06	217.9	0.0175	0.1747	0.3031	0.1893	0.1138	0.1491	0.1540	0.0625	0.5000	0.5000
4800	0.3195	2.67e-06	25.74	218.8	0.0173	0.1727	0.3022	0.1901	0.1121	0.1491	0.1531	0.0594	0.5000	0.5000
4900	0.3221	2.56e-06	21.14	219.0	0.0167	0.1674	0.3053	0.1913	0.1140	0.1491	0.1563	0.0538	0.5000	0.5000
